model,mape,n
n-1 rf,0.7051761744079901,2
n-2 dt,0.6831046836822625,3
n-4 knn,0.6795893073505141,27
